"","week","datasourceId","lon","lat","no2mean","fireworks2","smoke2","temp","humidity","windspeed","n_obs","operating","year"
"1","2","DARSM2019",-73.25484,42.45179,30.425,0,0,74,69,2.5,2,"Operating","2024"
"2","2","DBGKL8516",-73.20072,42.46803,18.56,0,0,74,69,2.5,2,"Operating","2024"
"3","2","DDTAU0510",-73.22515,42.42506,35.395,0,0,74,69,2.5,2,"Operating","2024"
"4","2","DJFKW1483",-73.28892,42.42689,29.32,0,0,74,69,2.5,2,"Operating","2024"
"5","2","DKWAZ4010",-73.22086,42.45855,49.86,0,0,74,69,2.5,2,"Operating","2024"
"6","2","DLWGJ5363",-73.20349336,42.42171656,37.66,0,0,74,69,2.5,2,"Operating","2024"
"7","2","DMTLY7351",-73.26174029,42.45301464,31.3,0,0,74,69,2.5,2,"Operating","2024"
"8","2","DSHNM8883",-73.2441,42.45658,12.59,0,0,74,69,2.5,2,"Operating","2024"
"9","2","DXXHJ4229",-73.25216,42.44963,36.135,0,0,74,69,2.5,2,"Operating","2024"
"10","3","DARSM2019",-73.25484,42.45179,31.8885,0,0,82.375,64.225,NA,40,"Operating","2024"
"11","3","DBGKL8516",-73.20072,42.46803,27.27625,0,0,82.375,64.225,NA,40,"Operating","2024"
"12","3","DDTAU0510",-73.22515,42.42506,30.74325,0,0,82.375,64.225,NA,40,"Operating","2024"
"13","3","DJFKW1483",-73.28892,42.42689,49.7275,0,0,82.375,64.225,NA,40,"Operating","2024"
"14","3","DKWAZ4010",-73.22086,42.45855,21.1155,0,0,82.375,64.225,NA,40,"Operating","2024"
"15","3","DLWGJ5363",-73.20349336,42.42171656,43.5995,0,0,82.375,64.225,NA,40,"Operating","2024"
"16","3","DMTLY7351",-73.26174029,42.45301464,27.89025,0,0,82.375,64.225,NA,40,"Operating","2024"
"17","3","DSHNM8883",-73.2441,42.45658,24.3675,0,0,82.375,64.225,NA,40,"Operating","2024"
"18","3","DXXHJ4229",-73.25216,42.44963,19.52675,0,0,82.375,64.225,NA,40,"Operating","2024"
"19","4","DARSM2019",-73.25484,42.45179,25.33,0,0,78.625,49.875,6.75,8,"Operating","2024"
"20","4","DBGKL8516",-73.20072,42.46803,20.32875,0,0,78.625,49.875,6.75,8,"Operating","2024"
"21","4","DDTAU0510",-73.22515,42.42506,21.38375,0,0,78.625,49.875,6.75,8,"Operating","2024"
"22","4","DJFKW1483",-73.28892,42.42689,39.51125,0,0,78.625,49.875,6.75,8,"Operating","2024"
"23","4","DKWAZ4010",-73.22086,42.45855,7.9325,0,0,78.625,49.875,6.75,8,"Operating","2024"
"24","4","DLWGJ5363",-73.20349336,42.42171656,36.31625,0,0,78.625,49.875,6.75,8,"Operating","2024"
"25","4","DMTLY7351",-73.26174029,42.45301464,18.9675,0,0,78.625,49.875,6.75,8,"Operating","2024"
"26","4","DSHNM8883",-73.2441,42.45658,13.39625,0,0,78.625,49.875,6.75,8,"Operating","2024"
"27","4","DXXHJ4229",-73.25216,42.44963,13.785,0,0,78.625,49.875,6.75,8,"Operating","2024"
"28","6","DARSM2019",-73.25484,42.45179,30.5319696969697,1,0,81,63.3333333333333,NA,66,"Operating","2024"
"29","6","DBGKL8516",-73.20072,42.46803,25.4693939393939,1,0,81,63.3333333333333,NA,66,"Operating","2024"
"30","6","DDTAU0510",-73.22515,42.42506,26.3359090909091,1,0,81,63.3333333333333,NA,66,"Operating","2024"
"31","6","DJFKW1483",-73.28892,42.42689,43.3707575757576,1,0,81,63.3333333333333,NA,66,"Operating","2024"
"32","6","DKWAZ4010",-73.22086,42.45855,24.5259090909091,1,0,81,63.3333333333333,NA,66,"Operating","2024"
"33","6","DLWGJ5363",-73.20349336,42.42171656,39.3877272727273,1,0,81,63.3333333333333,NA,66,"Operating","2024"
"34","6","DMTLY7351",-73.26174029,42.45301464,24.3162121212121,1,0,81,63.3333333333333,NA,66,"Operating","2024"
"35","6","DSHNM8883",-73.2441,42.45658,19.3039393939394,1,0,81,63.3333333333333,NA,66,"Operating","2024"
"36","6","DXXHJ4229",-73.25216,42.44963,19.9163636363636,1,0,81,63.3333333333333,NA,66,"Operating","2024"
"37","7","DARSM2019",-73.25484,42.45179,29.8874626865672,0,0,76.8955223880597,73,4.98507462686567,67,"Operating","2024"
"38","7","DBGKL8516",-73.20072,42.46803,23.1538805970149,0,0,76.8955223880597,73,4.98507462686567,67,"Operating","2024"
"39","7","DDTAU0510",-73.22515,42.42506,27.3129850746269,0,0,76.8955223880597,73,4.98507462686567,67,"Operating","2024"
"40","7","DJFKW1483",-73.28892,42.42689,38.1270149253731,0,0,76.8955223880597,73,4.98507462686567,67,"Operating","2024"
"41","7","DKWAZ4010",-73.22086,42.45855,28.5462686567164,0,0,76.8955223880597,73,4.98507462686567,67,"Operating","2024"
"42","7","DLWGJ5363",-73.20349336,42.42171656,37.3316417910448,0,0,76.8955223880597,73,4.98507462686567,67,"Operating","2024"
"43","7","DMTLY7351",-73.26174029,42.45301464,27.0777611940299,0,0,76.8955223880597,73,4.98507462686567,67,"Operating","2024"
"44","7","DSHNM8883",-73.2441,42.45658,18.485671641791,0,0,76.8955223880597,73,4.98507462686567,67,"Operating","2024"
"45","7","DXXHJ4229",-73.25216,42.44963,24.6498507462687,0,0,76.8955223880597,73,4.98507462686567,67,"Operating","2024"
"46","9","DARSM2019",-73.25484,42.45179,30.6153125,0,0,77.28125,73.53125,2.71875,32,"Operating","2024"
"47","9","DBGKL8516",-73.20072,42.46803,26.0634375,0,0,77.28125,73.53125,2.71875,32,"Operating","2024"
"48","9","DDTAU0510",-73.22515,42.42506,24.44125,0,0,77.28125,73.53125,2.71875,32,"Operating","2024"
"49","9","DJFKW1483",-73.28892,42.42689,35.056875,0,0,77.28125,73.53125,2.71875,32,"Operating","2024"
"50","9","DKWAZ4010",-73.22086,42.45855,21.1784375,0,0,77.28125,73.53125,2.71875,32,"Operating","2024"
"51","9","DLWGJ5363",-73.20349336,42.42171656,39.468125,0,0,77.28125,73.53125,2.71875,32,"Operating","2024"
"52","9","DMTLY7351",-73.26174029,42.45301464,23.7521875,0,0,77.28125,73.53125,2.71875,32,"Operating","2024"
"53","9","DSHNM8883",-73.2441,42.45658,18.915625,0,0,77.28125,73.53125,2.71875,32,"Operating","2024"
"54","9","DXXHJ4229",-73.25216,42.44963,20.79375,0,0,77.28125,73.53125,2.71875,32,"Operating","2024"
"55","10","DARSM2019",-73.25484,42.45179,30.1238888888889,0,0,76.8333333333333,74.3055555555556,3.91666666666667,36,"Operating","2024"
"56","10","DBGKL8516",-73.20072,42.46803,25.3438888888889,0,0,76.8333333333333,74.3055555555556,3.91666666666667,36,"Operating","2024"
"57","10","DDTAU0510",-73.22515,42.42506,22.7133333333333,0,0,76.8333333333333,74.3055555555556,3.91666666666667,36,"Operating","2024"
"58","10","DJFKW1483",-73.28892,42.42689,33.8702777777778,0,0,76.8333333333333,74.3055555555556,3.91666666666667,36,"Operating","2024"
"59","10","DKWAZ4010",-73.22086,42.45855,18.1561111111111,0,0,76.8333333333333,74.3055555555556,3.91666666666667,36,"Operating","2024"
"60","10","DLWGJ5363",-73.20349336,42.42171656,36.9458333333333,0,0,76.8333333333333,74.3055555555556,3.91666666666667,36,"Operating","2024"
"61","10","DMTLY7351",-73.26174029,42.45301464,21.5111111111111,0,0,76.8333333333333,74.3055555555556,3.91666666666667,36,"Operating","2024"
"62","10","DSHNM8883",-73.2441,42.45658,15.7527777777778,0,0,76.8333333333333,74.3055555555556,3.91666666666667,36,"Operating","2024"
"63","10","DXXHJ4229",-73.25216,42.44963,20.9483333333333,0,0,76.8333333333333,74.3055555555556,3.91666666666667,36,"Operating","2024"
"64","13","DARSM2019",-73.25484,42.45179,33.402,0,0,76.5,72.2,7.2,10,"Operating","2024"
"65","13","DBGKL8516",-73.20072,42.46803,25.135,0,0,76.5,72.2,7.2,10,"Operating","2024"
"66","13","DDTAU0510",-73.22515,42.42506,28.715,0,0,76.5,72.2,7.2,10,"Operating","2024"
"67","13","DJFKW1483",-73.28892,42.42689,37.366,0,0,76.5,72.2,7.2,10,"Operating","2024"
"68","13","DKWAZ4010",-73.22086,42.45855,26.023,0,0,76.5,72.2,7.2,10,"Operating","2024"
"69","13","DLWGJ5363",-73.20349336,42.42171656,40.543,0,0,76.5,72.2,7.2,10,"Operating","2024"
"70","13","DMTLY7351",-73.26174029,42.45301464,23.059,0,0,76.5,72.2,7.2,10,"Operating","2024"
"71","13","DSHNM8883",-73.2441,42.45658,20.852,0,0,76.5,72.2,7.2,10,"Operating","2024"
"72","13","DXXHJ4229",-73.25216,42.44963,25.426,0,0,76.5,72.2,7.2,10,"Operating","2024"
"73","53","DARSM2019",-73.25484,42.45179,32.472,0,1,80.8,56.2,4.9,10,"Operating","2025"
"74","53","DBGKL8516",-73.20072,42.46803,34.152,0,1,80.8,56.2,4.9,10,"Operating","2025"
"75","53","DJFKW1483",-73.28892,42.42689,54.538,0,1,80.8,56.2,4.9,10,"Operating","2025"
"76","53","DKWAZ4010",-73.22086,42.45855,7.331,0,1,80.8,56.2,4.9,10,"Operating","2025"
"77","53","DLWGJ5363",-73.20349336,42.42171656,54.968,0,1,80.8,56.2,4.9,10,"Operating","2025"
"78","53","DMTLY7351",-73.26174029,42.45301464,21.772,0,1,80.8,56.2,4.9,10,"Operating","2025"
"79","53","DSHNM8883",-73.2441,42.45658,22.714,0,1,80.8,56.2,4.9,10,"Operating","2025"
"80","53","DXXHJ4229",-73.25216,42.44963,17.147,0,1,80.8,56.2,4.9,10,"Operating","2025"
"81","53","DYJIY3756",-73.24792415,42.46656678,22.568,0,1,80.8,56.2,4.9,10,"Operating","2025"
"82","55","DARSM2019",-73.25484,42.45179,32.1513333333333,0,0,NA,NA,NA,60,"Operating","2025"
"83","55","DBGKL8516",-73.20072,42.46803,26.438,0,0,NA,NA,NA,60,"Operating","2025"
"84","55","DJFKW1483",-73.28892,42.42689,34.6595,0,0,NA,NA,NA,60,"Operating","2025"
"85","55","DKWAZ4010",-73.22086,42.45855,22.7713333333333,0,0,NA,NA,NA,60,"Operating","2025"
"86","55","DLWGJ5363",-73.20349336,42.42171656,40.6481666666667,0,0,NA,NA,NA,60,"Operating","2025"
"87","55","DMTLY7351",-73.26174029,42.45301464,25.2873333333333,0,0,NA,NA,NA,60,"Operating","2025"
"88","55","DSHNM8883",-73.2441,42.45658,15.4196666666667,0,0,NA,NA,NA,60,"Operating","2025"
"89","55","DXXHJ4229",-73.25216,42.44963,25.6553333333333,0,0,NA,NA,NA,60,"Operating","2025"
"90","55","DYJIY3756",-73.24792415,42.46656678,24.9846666666667,0,0,NA,NA,NA,60,"Operating","2025"
"91","56","DARSM2019",-73.25484,42.45179,32.3735460992908,0,0,75.8085106382979,71.5248226950355,NA,141,"Operating","2025"
"92","56","DBGKL8516",-73.20072,42.46803,28.3336879432624,0,0,75.8085106382979,71.5248226950355,NA,141,"Operating","2025"
"93","56","DJFKW1483",-73.28892,42.42689,42.5022695035461,0,0,75.8085106382979,71.5248226950355,NA,141,"Operating","2025"
"94","56","DKWAZ4010",-73.22086,42.45855,29.1081560283688,0,0,75.8085106382979,71.5248226950355,NA,141,"Operating","2025"
"95","56","DLWGJ5363",-73.20349336,42.42171656,43.2129078014184,0,0,75.8085106382979,71.5248226950355,NA,141,"Operating","2025"
"96","56","DMTLY7351",-73.26174029,42.45301464,29.7600709219858,0,0,75.8085106382979,71.5248226950355,NA,141,"Operating","2025"
"97","56","DSHNM8883",-73.2441,42.45658,19.2887943262411,0,0,75.8085106382979,71.5248226950355,NA,141,"Operating","2025"
"98","56","DXXHJ4229",-73.25216,42.44963,26.2621276595745,0,0,75.8085106382979,71.5248226950355,NA,141,"Operating","2025"
"99","56","DYJIY3756",-73.24792415,42.46656678,28.0548226950355,0,0,75.8085106382979,71.5248226950355,NA,141,"Operating","2025"
"100","57","DARSM2019",-73.25484,42.45179,32.0316,0,0,72.93,71.88,5.49,100,"Operating","2025"
"101","57","DBGKL8516",-73.20072,42.46803,26.1753,0,0,72.93,71.88,5.49,100,"Operating","2025"
"102","57","DJFKW1483",-73.28892,42.42689,36.1435,0,0,72.93,71.88,5.49,100,"Operating","2025"
"103","57","DKWAZ4010",-73.22086,42.45855,28.1988,0,0,72.93,71.88,5.49,100,"Operating","2025"
"104","57","DLWGJ5363",-73.20349336,42.42171656,40.3741,0,0,72.93,71.88,5.49,100,"Operating","2025"
"105","57","DMTLY7351",-73.26174029,42.45301464,26.9472,0,0,72.93,71.88,5.49,100,"Operating","2025"
"106","57","DSHNM8883",-73.2441,42.45658,17.6592,0,0,72.93,71.88,5.49,100,"Operating","2025"
"107","57","DXXHJ4229",-73.25216,42.44963,25.7943,0,0,72.93,71.88,5.49,100,"Operating","2025"
"108","57","DYJIY3756",-73.24792415,42.46656678,25.745,0,0,72.93,71.88,5.49,100,"Operating","2025"
"109","58","DARSM2019",-73.25484,42.45179,33.6115555555556,1,0,NA,NA,NA,135,"Operating","2025"
"110","58","DBGKL8516",-73.20072,42.46803,27.7977777777778,1,0,NA,NA,NA,135,"Operating","2025"
"111","58","DJFKW1483",-73.28892,42.42689,41.8682222222222,1,0,NA,NA,NA,135,"Operating","2025"
"112","58","DKWAZ4010",-73.22086,42.45855,33.1000740740741,1,0,NA,NA,NA,135,"Operating","2025"
"113","58","DLWGJ5363",-73.20349336,42.42171656,2790.84970149254,1,0,NA,NA,NA,67,"Operating","2025"
"114","58","DMTLY7351",-73.26174029,42.45301464,32.1463703703704,1,0,NA,NA,NA,135,"Operating","2025"
"115","58","DSHNM8883",-73.2441,42.45658,19.5162222222222,1,0,NA,NA,NA,135,"Operating","2025"
"116","58","DXXHJ4229",-73.25216,42.44963,29.2181481481481,1,0,NA,NA,NA,135,"Operating","2025"
"117","58","DYJIY3756",-73.24792415,42.46656678,32.4646666666667,1,0,NA,NA,NA,135,"Operating","2025"
"118","59","DARSM2019",-73.25484,42.45179,32.1075,0,0,NA,NA,NA,168,"Operating","2025"
"119","59","DBGKL8516",-73.20072,42.46803,27.0207738095238,0,0,NA,NA,NA,168,"Operating","2025"
"120","59","DJFKW1483",-73.28892,42.42689,39.619880952381,0,0,NA,NA,NA,168,"Operating","2025"
"121","59","DKWAZ4010",-73.22086,42.45855,28.676130952381,0,0,NA,NA,NA,168,"Operating","2025"
"122","59","DMTLY7351",-73.26174029,42.45301464,29.463630952381,0,0,NA,NA,NA,168,"Operating","2025"
"123","59","DSHNM8883",-73.2441,42.45658,16.569880952381,0,0,NA,NA,NA,168,"Operating","2025"
"124","59","DXXHJ4229",-73.25216,42.44963,26.7847023809524,0,0,NA,NA,NA,168,"Operating","2025"
"125","59","DYJIY3756",-73.24792415,42.46656678,28.81,0,0,NA,NA,NA,168,"Operating","2025"
"126","60","DARSM2019",-73.25484,42.45179,32.9564516129032,0,0,74.4301075268817,68.6344086021505,NA,93,"Operating","2025"
"127","60","DBGKL8516",-73.20072,42.46803,26.9718279569892,0,0,74.4301075268817,68.6344086021505,NA,93,"Operating","2025"
"128","60","DJFKW1483",-73.28892,42.42689,42.6275268817204,0,0,74.4301075268817,68.6344086021505,NA,93,"Operating","2025"
"129","60","DKWAZ4010",-73.22086,42.45855,24.1512903225806,0,0,74.4301075268817,68.6344086021505,NA,93,"Operating","2025"
"130","60","DMTLY7351",-73.26174029,42.45301464,24.944623655914,0,0,74.4301075268817,68.6344086021505,NA,93,"Operating","2025"
"131","60","DSHNM8883",-73.2441,42.45658,19.3005376344086,0,0,74.4301075268817,68.6344086021505,NA,93,"Operating","2025"
"132","60","DXXHJ4229",-73.25216,42.44963,25.5067741935484,0,0,74.4301075268817,68.6344086021505,NA,93,"Operating","2025"
"133","60","DYJIY3756",-73.24792415,42.46656678,27.0601075268817,0,0,74.4301075268817,68.6344086021505,NA,93,"Operating","2025"
"134","61","DARSM2019",-73.25484,42.45179,32.5463157894737,0,1,71.3815789473684,76.3421052631579,NA,152,"Operating","2025"
"135","61","DBGKL8516",-73.20072,42.46803,24.3561842105263,0,1,71.3815789473684,76.3421052631579,NA,152,"Operating","2025"
"136","61","DJFKW1483",-73.28892,42.42689,38.7565131578947,0,1,71.3815789473684,76.3421052631579,NA,152,"Operating","2025"
"137","61","DKWAZ4010",-73.22086,42.45855,33.2345394736842,0,1,71.3815789473684,76.3421052631579,NA,152,"Operating","2025"
"138","61","DMTLY7351",-73.26174029,42.45301464,28.5147712418301,0,1,71.4509803921569,76.281045751634,NA,153,"Operating","2025"
"139","61","DSHNM8883",-73.2441,42.45658,18.4586184210526,0,1,71.3815789473684,76.3421052631579,NA,152,"Operating","2025"
"140","61","DXXHJ4229",-73.25216,42.44963,27.3135294117647,0,1,71.4509803921569,76.281045751634,NA,153,"Operating","2025"
"141","61","DYJIY3756",-73.24792415,42.46656678,27.1613815789474,0,1,71.3815789473684,76.3421052631579,NA,152,"Operating","2025"
"142","62","DARSM2019",-73.25484,42.45179,31.4741176470588,0,1,71.7352941176471,69.5441176470588,3.51470588235294,68,"Operating","2025"
"143","62","DBGKL8516",-73.20072,42.46803,26.1067647058824,0,1,71.7352941176471,69.5441176470588,3.51470588235294,68,"Operating","2025"
"144","62","DJFKW1483",-73.28892,42.42689,36.4892647058824,0,1,71.7352941176471,69.5441176470588,3.51470588235294,68,"Operating","2025"
"145","62","DKWAZ4010",-73.22086,42.45855,13.8511764705882,0,1,71.7352941176471,69.5441176470588,3.51470588235294,68,"Operating","2025"
"146","62","DMTLY7351",-73.26174029,42.45301464,17.6019117647059,0,1,71.7352941176471,69.5441176470588,3.51470588235294,68,"Operating","2025"
"147","62","DSHNM8883",-73.2441,42.45658,17.045,0,1,71.7352941176471,69.5441176470588,3.51470588235294,68,"Operating","2025"
"148","62","DXXHJ4229",-73.25216,42.44963,21.7813235294118,0,1,71.7352941176471,69.5441176470588,3.51470588235294,68,"Operating","2025"
"149","62","DYJIY3756",-73.24792415,42.46656678,20.6191176470588,0,1,71.7352941176471,69.5441176470588,3.51470588235294,68,"Operating","2025"
"150","63","DARSM2019",-73.25484,42.45179,32.7579220779221,0,0,71.2857142857143,74.538961038961,NA,154,"Operating","2025"
"151","63","DBGKL8516",-73.20072,42.46803,26.0277922077922,0,0,71.2857142857143,74.538961038961,NA,154,"Operating","2025"
"152","63","DJFKW1483",-73.28892,42.42689,41.213961038961,0,0,71.2857142857143,74.538961038961,NA,154,"Operating","2025"
"153","63","DKWAZ4010",-73.22086,42.45855,32.3522077922078,0,0,71.2857142857143,74.538961038961,NA,154,"Operating","2025"
"154","63","DMTLY7351",-73.26174029,42.45301464,25.9423376623377,0,0,71.2857142857143,74.538961038961,NA,154,"Operating","2025"
"155","63","DSHNM8883",-73.2441,42.45658,21.225,0,0,71.2857142857143,74.538961038961,NA,154,"Operating","2025"
"156","63","DXXHJ4229",-73.25216,42.44963,25.6268181818182,0,0,71.2857142857143,74.538961038961,NA,154,"Operating","2025"
"157","63","DYJIY3756",-73.24792415,42.46656678,25.7053896103896,0,0,71.2857142857143,74.538961038961,NA,154,"Operating","2025"
"158","64","DARSM2019",-73.25484,42.45179,28.7088,0,0,63.52,75.14,NA,50,"Operating","2025"
"159","64","DBGKL8516",-73.20072,42.46803,21.3138,0,0,63.52,75.14,NA,50,"Operating","2025"
"160","64","DJFKW1483",-73.28892,42.42689,29.3352,0,0,63.52,75.14,NA,50,"Operating","2025"
"161","64","DKWAZ4010",-73.22086,42.45855,27.528,0,0,63.52,75.14,NA,50,"Operating","2025"
"162","64","DMTLY7351",-73.26174029,42.45301464,21.1958,0,0,63.52,75.14,NA,50,"Operating","2025"
"163","64","DSHNM8883",-73.2441,42.45658,15.4578,0,0,63.52,75.14,NA,50,"Operating","2025"
"164","64","DXXHJ4229",-73.25216,42.44963,22.174,0,0,63.52,75.14,NA,50,"Operating","2025"
"165","64","DYJIY3756",-73.24792415,42.46656678,21.9522,0,0,63.52,75.14,NA,50,"Operating","2025"
"166","65","DARSM2019",-73.25484,42.45179,33.61,0,0,73,58,7.5,2,"Operating","2025"
"167","65","DBGKL8516",-73.20072,42.46803,17.62,0,0,73,58,7.5,2,"Operating","2025"
"168","65","DJFKW1483",-73.28892,42.42689,26.99,0,0,73,58,7.5,2,"Operating","2025"
"169","65","DKWAZ4010",-73.22086,42.45855,44.74,0,0,73,58,7.5,2,"Operating","2025"
"170","65","DMTLY7351",-73.26174029,42.45301464,30.11,0,0,73,58,7.5,2,"Operating","2025"
"171","65","DSHNM8883",-73.2441,42.45658,14.89,0,0,73,58,7.5,2,"Operating","2025"
"172","65","DXXHJ4229",-73.25216,42.44963,30.04,0,0,73,58,7.5,2,"Operating","2025"
"173","65","DYJIY3756",-73.24792415,42.46656678,28.2,0,0,73,58,7.5,2,"Operating","2025"
"174","1","DARSM2019",-73.25484,42.45179,27.3524404761905,0,0,67.0476190476191,67.1190476190476,NA,168,"Not operating","2024"
"175","1","DBGKL8516",-73.20072,42.46803,18.6426785714286,0,0,67.0476190476191,67.1190476190476,NA,168,"Not operating","2024"
"176","1","DDTAU0510",-73.22515,42.42506,23.3551785714286,0,0,67.0476190476191,67.1190476190476,NA,168,"Not operating","2024"
"177","1","DJFKW1483",-73.28892,42.42689,29.4423214285714,0,0,67.0476190476191,67.1190476190476,NA,168,"Not operating","2024"
"178","1","DKWAZ4010",-73.22086,42.45855,40.0593452380952,0,0,67.0476190476191,67.1190476190476,NA,168,"Not operating","2024"
"179","1","DLWGJ5363",-73.20349336,42.42171656,28.6322023809524,0,0,67.0476190476191,67.1190476190476,NA,168,"Not operating","2024"
"180","1","DMTLY7351",-73.26174029,42.45301464,22.8742261904762,0,0,67.0476190476191,67.1190476190476,NA,168,"Not operating","2024"
"181","1","DSHNM8883",-73.2441,42.45658,17.4551785714286,0,0,67.0476190476191,67.1190476190476,NA,168,"Not operating","2024"
"182","1","DXXHJ4229",-73.25216,42.44963,22.3847619047619,0,0,67.0476190476191,67.1190476190476,NA,168,"Not operating","2024"
"183","2","DARSM2019",-73.25484,42.45179,23.7419879518072,0,0,61.7168674698795,72.3734939759036,NA,166,"Not operating","2024"
"184","2","DBGKL8516",-73.20072,42.46803,14.4,0,0,61.7168674698795,72.3734939759036,NA,166,"Not operating","2024"
"185","2","DDTAU0510",-73.22515,42.42506,16.8302409638554,0,0,61.7168674698795,72.3734939759036,NA,166,"Not operating","2024"
"186","2","DJFKW1483",-73.28892,42.42689,17.9728915662651,0,0,61.7168674698795,72.3734939759036,NA,166,"Not operating","2024"
"187","2","DKWAZ4010",-73.22086,42.45855,25.5450602409639,0,0,61.7168674698795,72.3734939759036,NA,166,"Not operating","2024"
"188","2","DLWGJ5363",-73.20349336,42.42171656,21.7025903614458,0,0,61.7168674698795,72.3734939759036,NA,166,"Not operating","2024"
"189","2","DMTLY7351",-73.26174029,42.45301464,18.0333734939759,0,0,61.7168674698795,72.3734939759036,NA,166,"Not operating","2024"
"190","2","DSHNM8883",-73.2441,42.45658,10.5976506024096,0,0,61.7168674698795,72.3734939759036,NA,166,"Not operating","2024"
"191","2","DXXHJ4229",-73.25216,42.44963,18.4723493975904,0,0,61.7168674698795,72.3734939759036,NA,166,"Not operating","2024"
"192","3","DARSM2019",-73.25484,42.45179,27.75890625,0,0,68,72.9765625,3.078125,128,"Not operating","2024"
"193","3","DBGKL8516",-73.20072,42.46803,19.175703125,0,0,68,72.9765625,3.078125,128,"Not operating","2024"
"194","3","DDTAU0510",-73.22515,42.42506,25.303515625,0,0,68,72.9765625,3.078125,128,"Not operating","2024"
"195","3","DJFKW1483",-73.28892,42.42689,33.44375,0,0,68,72.9765625,3.078125,128,"Not operating","2024"
"196","3","DKWAZ4010",-73.22086,42.45855,36.86359375,0,0,68,72.9765625,3.078125,128,"Not operating","2024"
"197","3","DLWGJ5363",-73.20349336,42.42171656,29.518984375,0,0,68,72.9765625,3.078125,128,"Not operating","2024"
"198","3","DMTLY7351",-73.26174029,42.45301464,26.330546875,0,0,68,72.9765625,3.078125,128,"Not operating","2024"
"199","3","DSHNM8883",-73.2441,42.45658,16.5540625,0,0,68,72.9765625,3.078125,128,"Not operating","2024"
"200","3","DXXHJ4229",-73.25216,42.44963,24.929375,0,0,68,72.9765625,3.078125,128,"Not operating","2024"
"201","4","DARSM2019",-73.25484,42.45179,26.4112658227848,0,0,69.0063291139241,68.4113924050633,NA,158,"Not operating","2024"
"202","4","DBGKL8516",-73.20072,42.46803,18.545534591195,0,0,68.9622641509434,68.5471698113208,NA,159,"Not operating","2024"
"203","4","DDTAU0510",-73.22515,42.42506,20.1259119496855,0,0,68.9622641509434,68.5471698113208,NA,159,"Not operating","2024"
"204","4","DJFKW1483",-73.28892,42.42689,25.8218125,0,0,68.9125,68.625,NA,160,"Not operating","2024"
"205","4","DKWAZ4010",-73.22086,42.45855,22.7456962025316,0,0,69.0063291139241,68.4113924050633,NA,158,"Not operating","2024"
"206","4","DLWGJ5363",-73.20349336,42.42171656,27.8495569620253,0,0,69.0632911392405,68.5759493670886,NA,158,"Not operating","2024"
"207","4","DMTLY7351",-73.26174029,42.45301464,20.2820625,0,0,68.9125,68.625,NA,160,"Not operating","2024"
"208","4","DSHNM8883",-73.2441,42.45658,13.0948101265823,0,0,69.0063291139241,68.4113924050633,NA,158,"Not operating","2024"
"209","4","DXXHJ4229",-73.25216,42.44963,18.3451898734177,0,0,69.0063291139241,68.4113924050633,NA,158,"Not operating","2024"
"210","5","DARSM2019",-73.25484,42.45179,27.0879761904762,1,0,69.3035714285714,72.3511904761905,5.16071428571429,168,"Not operating","2024"
"211","5","DBGKL8516",-73.20072,42.46803,17.531130952381,1,0,69.3035714285714,72.3511904761905,5.16071428571429,168,"Not operating","2024"
"212","5","DDTAU0510",-73.22515,42.42506,22.2545238095238,1,0,69.3035714285714,72.3511904761905,5.16071428571429,168,"Not operating","2024"
"213","5","DJFKW1483",-73.28892,42.42689,29.66625,1,0,69.3035714285714,72.3511904761905,5.16071428571429,168,"Not operating","2024"
"214","5","DKWAZ4010",-73.22086,42.45855,31.0857738095238,1,0,69.3035714285714,72.3511904761905,5.16071428571429,168,"Not operating","2024"
"215","5","DLWGJ5363",-73.20349336,42.42171656,28.7856547619048,1,0,69.3035714285714,72.3511904761905,5.16071428571429,168,"Not operating","2024"
"216","5","DMTLY7351",-73.26174029,42.45301464,23.8858333333333,1,0,69.3035714285714,72.3511904761905,5.16071428571429,168,"Not operating","2024"
"217","5","DSHNM8883",-73.2441,42.45658,13.2659523809524,1,0,69.3035714285714,72.3511904761905,5.16071428571429,168,"Not operating","2024"
"218","5","DXXHJ4229",-73.25216,42.44963,22.6463095238095,1,0,69.3035714285714,72.3511904761905,5.16071428571429,168,"Not operating","2024"
"219","6","DARSM2019",-73.25484,42.45179,30.5914705882353,1,0,73.2745098039216,82.843137254902,3.81372549019608,102,"Not operating","2024"
"220","6","DBGKL8516",-73.20072,42.46803,23.1937254901961,1,0,73.2745098039216,82.843137254902,3.81372549019608,102,"Not operating","2024"
"221","6","DDTAU0510",-73.22515,42.42506,30.8800980392157,1,0,73.2745098039216,82.843137254902,3.81372549019608,102,"Not operating","2024"
"222","6","DJFKW1483",-73.28892,42.42689,39.4266666666667,1,0,73.2745098039216,82.843137254902,3.81372549019608,102,"Not operating","2024"
"223","6","DKWAZ4010",-73.22086,42.45855,40.4409803921569,1,0,73.2745098039216,82.843137254902,3.81372549019608,102,"Not operating","2024"
"224","6","DLWGJ5363",-73.20349336,42.42171656,36.7474509803922,1,0,73.2745098039216,82.843137254902,3.81372549019608,102,"Not operating","2024"
"225","6","DMTLY7351",-73.26174029,42.45301464,33.3447058823529,1,0,73.2745098039216,82.843137254902,3.81372549019608,102,"Not operating","2024"
"226","6","DSHNM8883",-73.2441,42.45658,18.7109803921569,1,0,73.2745098039216,82.843137254902,3.81372549019608,102,"Not operating","2024"
"227","6","DXXHJ4229",-73.25216,42.44963,29.4159803921569,1,0,73.2745098039216,82.843137254902,3.81372549019608,102,"Not operating","2024"
"228","7","DARSM2019",-73.25484,42.45179,27.8028712871287,0,0,70.3168316831683,73,4.72277227722772,101,"Not operating","2024"
"229","7","DBGKL8516",-73.20072,42.46803,20.4192079207921,0,0,70.3168316831683,73,4.72277227722772,101,"Not operating","2024"
"230","7","DDTAU0510",-73.22515,42.42506,24.2458415841584,0,0,70.3168316831683,73,4.72277227722772,101,"Not operating","2024"
"231","7","DJFKW1483",-73.28892,42.42689,32.2615841584158,0,0,70.3168316831683,73,4.72277227722772,101,"Not operating","2024"
"232","7","DKWAZ4010",-73.22086,42.45855,27.7822772277228,0,0,70.3168316831683,73,4.72277227722772,101,"Not operating","2024"
"233","7","DLWGJ5363",-73.20349336,42.42171656,31.0162376237624,0,0,70.3168316831683,73,4.72277227722772,101,"Not operating","2024"
"234","7","DMTLY7351",-73.26174029,42.45301464,24.7654455445545,0,0,70.3168316831683,73,4.72277227722772,101,"Not operating","2024"
"235","7","DSHNM8883",-73.2441,42.45658,13.6686138613861,0,0,70.3168316831683,73,4.72277227722772,101,"Not operating","2024"
"236","7","DXXHJ4229",-73.25216,42.44963,21.6080198019802,0,0,70.3168316831683,73,4.72277227722772,101,"Not operating","2024"
"237","8","DARSM2019",-73.25484,42.45179,27.9989285714286,0,0,69.5476190476191,77.0059523809524,NA,168,"Not operating","2024"
"238","8","DBGKL8516",-73.20072,42.46803,19.419880952381,0,0,69.5476190476191,77.0059523809524,NA,168,"Not operating","2024"
"239","8","DDTAU0510",-73.22515,42.42506,21.9489285714286,0,0,69.5476190476191,77.0059523809524,NA,168,"Not operating","2024"
"240","8","DJFKW1483",-73.28892,42.42689,29.1767261904762,0,0,69.5476190476191,77.0059523809524,NA,168,"Not operating","2024"
"241","8","DKWAZ4010",-73.22086,42.45855,26.5379761904762,0,0,69.5476190476191,77.0059523809524,NA,168,"Not operating","2024"
"242","8","DLWGJ5363",-73.20349336,42.42171656,29.5826785714286,0,0,69.5476190476191,77.0059523809524,NA,168,"Not operating","2024"
"243","8","DMTLY7351",-73.26174029,42.45301464,23.3458333333333,0,0,69.5476190476191,77.0059523809524,NA,168,"Not operating","2024"
"244","8","DSHNM8883",-73.2441,42.45658,14.5046428571429,0,0,69.5476190476191,77.0059523809524,NA,168,"Not operating","2024"
"245","8","DXXHJ4229",-73.25216,42.44963,23.0205357142857,0,0,69.5476190476191,77.0059523809524,NA,168,"Not operating","2024"
"246","9","DARSM2019",-73.25484,42.45179,28.4282352941176,0,0,69.9338235294118,81.1397058823529,NA,136,"Not operating","2024"
"247","9","DBGKL8516",-73.20072,42.46803,20.0097794117647,0,0,69.9338235294118,81.1397058823529,NA,136,"Not operating","2024"
"248","9","DDTAU0510",-73.22515,42.42506,24.5963970588235,0,0,69.9338235294118,81.1397058823529,NA,136,"Not operating","2024"
"249","9","DJFKW1483",-73.28892,42.42689,31.2388235294118,0,0,69.9338235294118,81.1397058823529,NA,136,"Not operating","2024"
"250","9","DKWAZ4010",-73.22086,42.45855,32.8573529411765,0,0,69.9338235294118,81.1397058823529,NA,136,"Not operating","2024"
"251","9","DLWGJ5363",-73.20349336,42.42171656,31.0070588235294,0,0,69.9338235294118,81.1397058823529,NA,136,"Not operating","2024"
"252","9","DMTLY7351",-73.26174029,42.45301464,27.38875,0,0,69.9338235294118,81.1397058823529,NA,136,"Not operating","2024"
"253","9","DSHNM8883",-73.2441,42.45658,14.7269117647059,0,0,69.9338235294118,81.1397058823529,NA,136,"Not operating","2024"
"254","9","DXXHJ4229",-73.25216,42.44963,26.0319117647059,0,0,69.9338235294118,81.1397058823529,NA,136,"Not operating","2024"
"255","10","DARSM2019",-73.25484,42.45179,27.1153787878788,0,0,NA,NA,NA,132,"Not operating","2024"
"256","10","DBGKL8516",-73.20072,42.46803,18.214696969697,0,0,NA,NA,NA,132,"Not operating","2024"
"257","10","DDTAU0510",-73.22515,42.42506,21.1060606060606,0,0,NA,NA,NA,132,"Not operating","2024"
"258","10","DJFKW1483",-73.28892,42.42689,24.5746212121212,0,0,NA,NA,NA,132,"Not operating","2024"
"259","10","DKWAZ4010",-73.22086,42.45855,28.3001515151515,0,0,NA,NA,NA,132,"Not operating","2024"
"260","10","DLWGJ5363",-73.20349336,42.42171656,27.2896212121212,0,0,NA,NA,NA,132,"Not operating","2024"
"261","10","DMTLY7351",-73.26174029,42.45301464,25.2356060606061,0,0,NA,NA,NA,132,"Not operating","2024"
"262","10","DSHNM8883",-73.2441,42.45658,12.0649242424242,0,0,NA,NA,NA,132,"Not operating","2024"
"263","10","DXXHJ4229",-73.25216,42.44963,25.6276515151515,0,0,NA,NA,NA,132,"Not operating","2024"
"264","11","DARSM2019",-73.25484,42.45179,24.9781547619048,0,1,NA,NA,NA,168,"Not operating","2024"
"265","11","DBGKL8516",-73.20072,42.46803,17.4710714285714,0,1,NA,NA,NA,168,"Not operating","2024"
"266","11","DDTAU0510",-73.22515,42.42506,15.3870833333333,0,1,NA,NA,NA,168,"Not operating","2024"
"267","11","DJFKW1483",-73.28892,42.42689,23.8692857142857,0,1,NA,NA,NA,168,"Not operating","2024"
"268","11","DKWAZ4010",-73.22086,42.45855,20.13125,0,1,NA,NA,NA,168,"Not operating","2024"
"269","11","DLWGJ5363",-73.20349336,42.42171656,24.6945238095238,0,1,NA,NA,NA,168,"Not operating","2024"
"270","11","DMTLY7351",-73.26174029,42.45301464,17.761130952381,0,1,NA,NA,NA,168,"Not operating","2024"
"271","11","DSHNM8883",-73.2441,42.45658,11.6765476190476,0,1,NA,NA,NA,168,"Not operating","2024"
"272","11","DXXHJ4229",-73.25216,42.44963,17.5968452380952,0,1,NA,NA,NA,168,"Not operating","2024"
"273","12","DARSM2019",-73.25484,42.45179,23.9402380952381,0,0,NA,NA,NA,168,"Not operating","2024"
"274","12","DBGKL8516",-73.20072,42.46803,16.3690476190476,0,0,NA,NA,NA,168,"Not operating","2024"
"275","12","DDTAU0510",-73.22515,42.42506,15.2771428571429,0,0,NA,NA,NA,168,"Not operating","2024"
"276","12","DJFKW1483",-73.28892,42.42689,17.5497023809524,0,0,NA,NA,NA,168,"Not operating","2024"
"277","12","DKWAZ4010",-73.22086,42.45855,17.7880952380952,0,0,NA,NA,NA,168,"Not operating","2024"
"278","12","DLWGJ5363",-73.20349336,42.42171656,23.1561904761905,0,0,NA,NA,NA,168,"Not operating","2024"
"279","12","DMTLY7351",-73.26174029,42.45301464,16.387380952381,0,0,NA,NA,NA,168,"Not operating","2024"
"280","12","DSHNM8883",-73.2441,42.45658,10.8522619047619,0,0,NA,NA,NA,168,"Not operating","2024"
"281","12","DXXHJ4229",-73.25216,42.44963,18.793630952381,0,0,NA,NA,NA,168,"Not operating","2024"
"282","13","DARSM2019",-73.25484,42.45179,25.9706043956044,0,0,65.3241758241758,78.2967032967033,NA,182,"Not operating","2024"
"283","13","DBGKL8516",-73.20072,42.46803,17.1184615384615,0,0,65.3241758241758,78.2967032967033,NA,182,"Not operating","2024"
"284","13","DDTAU0510",-73.22515,42.42506,17.6465384615385,0,0,65.3241758241758,78.2967032967033,NA,182,"Not operating","2024"
"285","13","DJFKW1483",-73.28892,42.42689,24.4983516483516,0,0,65.3241758241758,78.2967032967033,NA,182,"Not operating","2024"
"286","13","DKWAZ4010",-73.22086,42.45855,22.0183516483516,0,0,65.3241758241758,78.2967032967033,NA,182,"Not operating","2024"
"287","13","DLWGJ5363",-73.20349336,42.42171656,24.6047802197802,0,0,65.3241758241758,78.2967032967033,NA,182,"Not operating","2024"
"288","13","DMTLY7351",-73.26174029,42.45301464,18.4731868131868,0,0,65.3241758241758,78.2967032967033,NA,182,"Not operating","2024"
"289","13","DSHNM8883",-73.2441,42.45658,12.3797802197802,0,0,65.3241758241758,78.2967032967033,NA,182,"Not operating","2024"
"290","13","DXXHJ4229",-73.25216,42.44963,21.5301098901099,0,0,65.3241758241758,78.2967032967033,NA,182,"Not operating","2024"
"291","53","DARSM2019",-73.25484,42.45179,24.2767164179104,0,1,61.1119402985075,70.0149253731343,4.88059701492537,134,"Not operating","2025"
"292","53","DBGKL8516",-73.20072,42.46803,20.3709701492537,0,1,61.1119402985075,70.0149253731343,4.88059701492537,134,"Not operating","2025"
"293","53","DJFKW1483",-73.28892,42.42689,25.4096268656716,0,1,61.1119402985075,70.0149253731343,4.88059701492537,134,"Not operating","2025"
"294","53","DKWAZ4010",-73.22086,42.45855,20.5572388059702,0,1,61.1119402985075,70.0149253731343,4.88059701492537,134,"Not operating","2025"
"295","53","DLWGJ5363",-73.20349336,42.42171656,27.4035820895522,0,1,61.1119402985075,70.0149253731343,4.88059701492537,134,"Not operating","2025"
"296","53","DMTLY7351",-73.26174029,42.45301464,18.6400746268657,0,1,61.1119402985075,70.0149253731343,4.88059701492537,134,"Not operating","2025"
"297","53","DSHNM8883",-73.2441,42.45658,12.5499253731343,0,1,61.1119402985075,70.0149253731343,4.88059701492537,134,"Not operating","2025"
"298","53","DXXHJ4229",-73.25216,42.44963,19.7079850746269,0,1,61.1119402985075,70.0149253731343,4.88059701492537,134,"Not operating","2025"
"299","53","DYJIY3756",-73.24792415,42.46656678,16.889328358209,0,1,61.1119402985075,70.0149253731343,4.88059701492537,134,"Not operating","2025"
"300","54","DARSM2019",-73.25484,42.45179,28.1634523809524,0,0,64.0238095238095,75.4226190476191,NA,168,"Not operating","2025"
"301","54","DBGKL8516",-73.20072,42.46803,19.8535119047619,0,0,64.0238095238095,75.4226190476191,NA,168,"Not operating","2025"
"302","54","DJFKW1483",-73.28892,42.42689,23.4073214285714,0,0,64.0238095238095,75.4226190476191,NA,168,"Not operating","2025"
"303","54","DKWAZ4010",-73.22086,42.45855,24.0116071428571,0,0,64.0238095238095,75.4226190476191,NA,168,"Not operating","2025"
"304","54","DLWGJ5363",-73.20349336,42.42171656,29.0839285714286,0,0,64.0238095238095,75.4226190476191,NA,168,"Not operating","2025"
"305","54","DMTLY7351",-73.26174029,42.45301464,20.1604761904762,0,0,64.0238095238095,75.4226190476191,NA,168,"Not operating","2025"
"306","54","DSHNM8883",-73.2441,42.45658,12.9083333333333,0,0,64.0238095238095,75.4226190476191,NA,168,"Not operating","2025"
"307","54","DXXHJ4229",-73.25216,42.44963,22.2639880952381,0,0,64.0238095238095,75.4226190476191,NA,168,"Not operating","2025"
"308","54","DYJIY3756",-73.24792415,42.46656678,18.3109523809524,0,0,64.0238095238095,75.4226190476191,NA,168,"Not operating","2025"
"309","55","DARSM2019",-73.25484,42.45179,25.6846296296296,0,0,61.8148148148148,82.287037037037,NA,108,"Not operating","2025"
"310","55","DBGKL8516",-73.20072,42.46803,16.8030555555556,0,0,61.8148148148148,82.287037037037,NA,108,"Not operating","2025"
"311","55","DJFKW1483",-73.28892,42.42689,19.9087962962963,0,0,61.8148148148148,82.287037037037,NA,108,"Not operating","2025"
"312","55","DKWAZ4010",-73.22086,42.45855,26.0186111111111,0,0,61.8148148148148,82.287037037037,NA,108,"Not operating","2025"
"313","55","DLWGJ5363",-73.20349336,42.42171656,26.4901851851852,0,0,61.8148148148148,82.287037037037,NA,108,"Not operating","2025"
"314","55","DMTLY7351",-73.26174029,42.45301464,21.124537037037,0,0,61.8148148148148,82.287037037037,NA,108,"Not operating","2025"
"315","55","DSHNM8883",-73.2441,42.45658,10.3650925925926,0,0,61.8148148148148,82.287037037037,NA,108,"Not operating","2025"
"316","55","DXXHJ4229",-73.25216,42.44963,21.8409259259259,0,0,61.8148148148148,82.287037037037,NA,108,"Not operating","2025"
"317","55","DYJIY3756",-73.24792415,42.46656678,18.0738888888889,0,0,61.8148148148148,82.287037037037,NA,108,"Not operating","2025"
"318","56","DARSM2019",-73.25484,42.45179,25.882962962963,0,0,62.1481481481481,66.8148148148148,NA,27,"Not operating","2025"
"319","56","DBGKL8516",-73.20072,42.46803,17.2203703703704,0,0,62.1481481481481,66.8148148148148,NA,27,"Not operating","2025"
"320","56","DJFKW1483",-73.28892,42.42689,18.5592592592593,0,0,62.1481481481481,66.8148148148148,NA,27,"Not operating","2025"
"321","56","DKWAZ4010",-73.22086,42.45855,14.5285185185185,0,0,62.1481481481481,66.8148148148148,NA,27,"Not operating","2025"
"322","56","DLWGJ5363",-73.20349336,42.42171656,23.4574074074074,0,0,62.1481481481481,66.8148148148148,NA,27,"Not operating","2025"
"323","56","DMTLY7351",-73.26174029,42.45301464,15.2085185185185,0,0,62.1481481481481,66.8148148148148,NA,27,"Not operating","2025"
"324","56","DSHNM8883",-73.2441,42.45658,10.3066666666667,0,0,62.1481481481481,66.8148148148148,NA,27,"Not operating","2025"
"325","56","DXXHJ4229",-73.25216,42.44963,20.0959259259259,0,0,62.1481481481481,66.8148148148148,NA,27,"Not operating","2025"
"326","56","DYJIY3756",-73.24792415,42.46656678,14.4307407407407,0,0,62.1481481481481,66.8148148148148,NA,27,"Not operating","2025"
"327","57","DARSM2019",-73.25484,42.45179,27.6389705882353,1,0,66.7647058823529,72.3823529411765,6.27941176470588,68,"Not operating","2025"
"328","57","DBGKL8516",-73.20072,42.46803,20.4008823529412,1,0,66.7647058823529,72.3823529411765,6.27941176470588,68,"Not operating","2025"
"329","57","DJFKW1483",-73.28892,42.42689,25.9507352941176,1,0,66.7647058823529,72.3823529411765,6.27941176470588,68,"Not operating","2025"
"330","57","DKWAZ4010",-73.22086,42.45855,25.7585294117647,1,0,66.7647058823529,72.3823529411765,6.27941176470588,68,"Not operating","2025"
"331","57","DLWGJ5363",-73.20349336,42.42171656,29.6135294117647,1,0,66.7647058823529,72.3823529411765,6.27941176470588,68,"Not operating","2025"
"332","57","DMTLY7351",-73.26174029,42.45301464,22.6570588235294,1,0,66.7647058823529,72.3823529411765,6.27941176470588,68,"Not operating","2025"
"333","57","DSHNM8883",-73.2441,42.45658,12.3530882352941,1,0,66.7647058823529,72.3823529411765,6.27941176470588,68,"Not operating","2025"
"334","57","DXXHJ4229",-73.25216,42.44963,23.3242647058824,1,0,66.7647058823529,72.3823529411765,6.27941176470588,68,"Not operating","2025"
"335","57","DYJIY3756",-73.24792415,42.46656678,18.9076470588235,1,0,66.7647058823529,72.3823529411765,6.27941176470588,68,"Not operating","2025"
"336","58","DARSM2019",-73.25484,42.45179,28.6284848484848,1,0,66.4848484848485,73.4848484848485,2.06060606060606,33,"Not operating","2025"
"337","58","DBGKL8516",-73.20072,42.46803,19.6669696969697,1,0,66.4848484848485,73.4848484848485,2.06060606060606,33,"Not operating","2025"
"338","58","DJFKW1483",-73.28892,42.42689,30.9981818181818,1,0,66.4848484848485,73.4848484848485,2.06060606060606,33,"Not operating","2025"
"339","58","DKWAZ4010",-73.22086,42.45855,31.1024242424242,1,0,66.4848484848485,73.4848484848485,2.06060606060606,33,"Not operating","2025"
"340","58","DLWGJ5363",-73.20349336,42.42171656,27.1087878787879,1,0,66.4848484848485,73.4848484848485,2.06060606060606,33,"Not operating","2025"
"341","58","DMTLY7351",-73.26174029,42.45301464,23.7715151515152,1,0,66.4848484848485,73.4848484848485,2.06060606060606,33,"Not operating","2025"
"342","58","DSHNM8883",-73.2441,42.45658,16.3157575757576,1,0,66.4848484848485,73.4848484848485,2.06060606060606,33,"Not operating","2025"
"343","58","DXXHJ4229",-73.25216,42.44963,23.0824242424242,1,0,66.4848484848485,73.4848484848485,2.06060606060606,33,"Not operating","2025"
"344","58","DYJIY3756",-73.24792415,42.46656678,22.0969696969697,1,0,66.4848484848485,73.4848484848485,2.06060606060606,33,"Not operating","2025"
"345","60","DARSM2019",-73.25484,42.45179,25.2098666666667,0,0,62.8266666666667,75.4,3.45333333333333,75,"Not operating","2025"
"346","60","DBGKL8516",-73.20072,42.46803,15.7746666666667,0,0,62.8266666666667,75.4,3.45333333333333,75,"Not operating","2025"
"347","60","DJFKW1483",-73.28892,42.42689,23.1344,0,0,62.8266666666667,75.4,3.45333333333333,75,"Not operating","2025"
"348","60","DKWAZ4010",-73.22086,42.45855,28.8686666666667,0,0,62.8266666666667,75.4,3.45333333333333,75,"Not operating","2025"
"349","60","DMTLY7351",-73.26174029,42.45301464,23.0824,0,0,62.8266666666667,75.4,3.45333333333333,75,"Not operating","2025"
"350","60","DSHNM8883",-73.2441,42.45658,11.0333333333333,0,0,62.8266666666667,75.4,3.45333333333333,75,"Not operating","2025"
"351","60","DXXHJ4229",-73.25216,42.44963,22.1964,0,0,62.8266666666667,75.4,3.45333333333333,75,"Not operating","2025"
"352","60","DYJIY3756",-73.24792415,42.46656678,19.0301333333333,0,0,62.8266666666667,75.4,3.45333333333333,75,"Not operating","2025"
"353","61","DARSM2019",-73.25484,42.45179,25.632,0,0,57.8666666666667,90.7333333333333,3.13333333333333,15,"Not operating","2025"
"354","61","DBGKL8516",-73.20072,42.46803,13.934,0,0,57.8666666666667,90.7333333333333,3.13333333333333,15,"Not operating","2025"
"355","61","DJFKW1483",-73.28892,42.42689,15.304,0,0,57.8666666666667,90.7333333333333,3.13333333333333,15,"Not operating","2025"
"356","61","DKWAZ4010",-73.22086,42.45855,25.2166666666667,0,0,57.8666666666667,90.7333333333333,3.13333333333333,15,"Not operating","2025"
"357","61","DMTLY7351",-73.26174029,42.45301464,18.7153333333333,0,0,57.8666666666667,90.7333333333333,3.13333333333333,15,"Not operating","2025"
"358","61","DSHNM8883",-73.2441,42.45658,10.2413333333333,0,0,57.8666666666667,90.7333333333333,3.13333333333333,15,"Not operating","2025"
"359","61","DXXHJ4229",-73.25216,42.44963,20.884,0,0,57.8666666666667,90.7333333333333,3.13333333333333,15,"Not operating","2025"
"360","61","DYJIY3756",-73.24792415,42.46656678,15.1866666666667,0,0,57.8666666666667,90.7333333333333,3.13333333333333,15,"Not operating","2025"
"361","62","DARSM2019",-73.25484,42.45179,28.2553,0,1,61.53,84.42,NA,100,"Not operating","2025"
"362","62","DBGKL8516",-73.20072,42.46803,17.2139,0,1,61.53,84.42,NA,100,"Not operating","2025"
"363","62","DJFKW1483",-73.28892,42.42689,26.9373,0,1,61.53,84.42,NA,100,"Not operating","2025"
"364","62","DKWAZ4010",-73.22086,42.45855,35.4619,0,1,61.53,84.42,NA,100,"Not operating","2025"
"365","62","DMTLY7351",-73.26174029,42.45301464,25.1379,0,1,61.53,84.42,NA,100,"Not operating","2025"
"366","62","DSHNM8883",-73.2441,42.45658,15.3113,0,1,61.53,84.42,NA,100,"Not operating","2025"
"367","62","DXXHJ4229",-73.25216,42.44963,24.0594,0,1,61.53,84.42,NA,100,"Not operating","2025"
"368","62","DYJIY3756",-73.24792415,42.46656678,21.0952,0,1,61.53,84.42,NA,100,"Not operating","2025"
"369","63","DARSM2019",-73.25484,42.45179,27.2671428571429,0,0,65,74.7142857142857,NA,14,"Not operating","2025"
"370","63","DBGKL8516",-73.20072,42.46803,13.7328571428571,0,0,65,74.7142857142857,NA,14,"Not operating","2025"
"371","63","DJFKW1483",-73.28892,42.42689,23.8292857142857,0,0,65,74.7142857142857,NA,14,"Not operating","2025"
"372","63","DKWAZ4010",-73.22086,42.45855,35.93,0,0,65,74.7142857142857,NA,14,"Not operating","2025"
"373","63","DMTLY7351",-73.26174029,42.45301464,25.2514285714286,0,0,65,74.7142857142857,NA,14,"Not operating","2025"
"374","63","DSHNM8883",-73.2441,42.45658,13.705,0,0,65,74.7142857142857,NA,14,"Not operating","2025"
"375","63","DXXHJ4229",-73.25216,42.44963,23.8564285714286,0,0,65,74.7142857142857,NA,14,"Not operating","2025"
"376","63","DYJIY3756",-73.24792415,42.46656678,19.7928571428571,0,0,65,74.7142857142857,NA,14,"Not operating","2025"
"377","64","DARSM2019",-73.25484,42.45179,28.3624576271186,0,0,63.135593220339,73.5677966101695,4.09322033898305,118,"Not operating","2025"
"378","64","DBGKL8516",-73.20072,42.46803,19.8847457627119,0,0,63.135593220339,73.5677966101695,4.09322033898305,118,"Not operating","2025"
"379","64","DJFKW1483",-73.28892,42.42689,27.2276271186441,0,0,63.135593220339,73.5677966101695,4.09322033898305,118,"Not operating","2025"
"380","64","DKWAZ4010",-73.22086,42.45855,27.0291525423729,0,0,63.135593220339,73.5677966101695,4.09322033898305,118,"Not operating","2025"
"381","64","DMTLY7351",-73.26174029,42.45301464,20.8376271186441,0,0,63.135593220339,73.5677966101695,4.09322033898305,118,"Not operating","2025"
"382","64","DSHNM8883",-73.2441,42.45658,13.693813559322,0,0,63.135593220339,73.5677966101695,4.09322033898305,118,"Not operating","2025"
"383","64","DXXHJ4229",-73.25216,42.44963,23.5895762711864,0,0,63.135593220339,73.5677966101695,4.09322033898305,118,"Not operating","2025"
"384","64","DYJIY3756",-73.24792415,42.46656678,19.776186440678,0,0,63.135593220339,73.5677966101695,4.09322033898305,118,"Not operating","2025"
"385","65","DARSM2019",-73.25484,42.45179,27.4006542056075,0,0,NA,NA,NA,214,"Not operating","2025"
"386","65","DBGKL8516",-73.20072,42.46803,18.9474299065421,0,0,NA,NA,NA,214,"Not operating","2025"
"387","65","DJFKW1483",-73.28892,42.42689,24.3179906542056,0,0,NA,NA,NA,214,"Not operating","2025"
"388","65","DKWAZ4010",-73.22086,42.45855,24.4951869158878,0,0,NA,NA,NA,214,"Not operating","2025"
"389","65","DMTLY7351",-73.26174029,42.45301464,18.5624299065421,0,0,NA,NA,NA,214,"Not operating","2025"
"390","65","DSHNM8883",-73.2441,42.45658,13.6665420560748,0,0,NA,NA,NA,214,"Not operating","2025"
"391","65","DXXHJ4229",-73.25216,42.44963,21.6585514018692,0,0,NA,NA,NA,214,"Not operating","2025"
"392","65","DYJIY3756",-73.24792415,42.46656678,18.8565420560748,0,0,NA,NA,NA,214,"Not operating","2025"
